{
    "accuracy": 0.92,
    "precision": 0.5727554179566563,
    "recall": 0.6445993031358885,
    "f1_score": 0.6065573770491803,
    "roc_auc": 0.9319581419183156
}