{
    "accuracy": 0.909,
    "precision": 0.517948717948718,
    "recall": 0.7038327526132404,
    "f1_score": 0.5967503692762186,
    "roc_auc": 0.9300214093710628
}